IndivID,Name,Source,gwasID,Block,InitLeafLen,Bolting,Score
1,Uk-3,CS1577,10022,1,25,0,2
2,Hovdala-2,CS76937,6039,1,24,0,1
3,Lm-2,CS1345,8329,1,33,1,1
4,Edi-0,CS22657,6914,1,35,0,0
5,HR-5,CS22596,6924,1,19,0,0
6,Kno-10,CS22566,6927,1,28,0,1
7,Pi-0,CS1455,7298,1,31,1,0
8,Ler-1,CS22618,6932,1,22,1,1
9,Petergof,CS926,7296,1,24,0,1
10,NFA-8,CS22598,6944,1,35,0,1
11,Hs-0,CS1237,8310,1,30,0,1
12,Spr1-6,CS22583,6965,1,35,0,1
13,Ull2-5,CS22586,6974,1,32,0,1
14,Nw-0,CS1409,7258,1,44,1,2
15,Ka-0,CS1267,8314,1,22,1,2
16,Kavlinge-1,CS76964,8237,1,31,0,0
17,Duk,CS76824,6008,1,35,1,1
18,Ts-5,CS22648,6971,1,31,0,2
19,Tamm-2,CS22604,6968,1,23,0,3
20,Fab-2,CS22576,6917,1,36,0,2
21,NC-6,CS77124,8246,1,30,0,0
22,RRS-10,CS22565,7515,1,35,0,1
23,Gul1-2,CS76896,8234,1,38,0,0
24,HR-10,CS22597,6923,1,27,1,0
25,Se-0,CS22646,6961,1,35,0,1
26,Bil-7,CS22579,6901,1,20,0,1
27,Tottarp-2,CS77381,6243,1,30,1,1
28,Kni-1,CS76970,6040,1,18,0,2
29,Or-1,CS77150,6074,1,34,0,2
30,Gr-1,CS1199,8300,1,39,0,3
31,Ei-2,CS22616,6915,1,26,0,0
32,Fr-2,CS1169,7133,1,21,1,1
33,Rmx-A180,CS22569,7525,1,33,0,1
34,Zu-0,CS78880,7417,1,30,0,3
35,Ta-0,CS1549,8389,1,29,0,2
36,Pna-17,CS22570,7523,1,23,0,2
37,Wil-1,CS1595,8419,1,25,1,1
38,Est-1,CS22629,6916,1,30,0,2
39,Stw-0,CS1539,8388,1,37,1,1
40,Ct-1,CS22639,6910,1,32,1,1
41,Ga-0,CS22634,6919,1,22,0,2
42,Bor-4,CS22591,6903,1,21,1,2
43,Lis-2,CS77043,8222,1,46,0,2
44,Mir-0,CS1379,8337,1,17,0,2
45,Br-0,CS22628,6904,1,28,0,3
46,Lz-0,CS22615,6936,1,35,0,4
47,Lp2-6,CS22595,7521,1,33,0,1
48,Lis-1,CS77042,8326,1,42,0,2
49,Is-0,CS1241,8312,1,29,0,1
50,N13,CS22491,7438,1,31,0,2
51,Ba5-1,CS76678,8259,1,29,0,1
52,Mz-0,CS22636,6940,1,30,1,2
53,Dra3-1,CS76811,8283,1,38,0,3
54,Mr-0,CS22640,7522,1,25,0,2
55,Ost-0,CS1431,8351,1,39,0,3
56,Col-0,CS22625,6909,1,29,1,2
57,Wt-5,CS22637,6982,1,30,0,2
58,Eden-1,CS22572,6009,1,25,0,2
59,Bil-5,CS22578,6900,1,15,0,3
60,Ms-0,CS22655,6938,1,24,0,3
61,Sf-1,CS6855,7327,1,31,0,4
62,Mt-0,CS22642,6939,1,33,1,1
63,In-0,CS1239,8311,1,40,1,2
64,Can-0,CS1065,8274,1,35,0,1
65,H55,CS923,7461,1,31,1,1
66,Ang-0,CS949,6992,1,34,1,2
67,Nok-3,CS22643,6945,1,45,0,3
68,Fei-0,CS22645,8215,1,32,0,1
69,Kin-0,CS22654,6926,1,33,1,2
70,Pu2-8,CS22449,6953,1,23,0,2
71,San-2,CS77233,8247,1,26,0,2
72,Co,CS3180,7081,1,31,1,2
73,Wu-0,CS6897,7415,1,19,1,1
74,Kno-18,CS22567,6928,1,31,0,2
75,Rmx-A02,CS22568,7524,1,34,0,1
76,Bu-0,CS1007,8271,1,23,0,2
77,Gu-0,CS22617,6922,1,37,1,1
78,Pla-0,CS1459,7300,1,34,1,1
79,Sap-0,CS1507,8378,1,29,1,0
80,Ren-11,CS22611,6960,1,34,1,0
81,Vastervik,CS78834,9058,1,24,0,1
82,Kondara,CS22651,6929,1,25,0,0
83,Lu-1,CS1353,8334,1,33,0,2
84,Pu2-7,CS22592,6956,1,24,0,2
85,Ba4-1,CS76677,8258,1,34,0,2
86,Sav-0,CS1515,8412,1,29,0,1
87,Rd-0,CS1483,8366,1,32,0,3
88,Ull1-1,CS78816,8426,1,38,1,2
89,Ts-1,CS22647,6970,1,25,1,0
90,Bg-2,CS22342,6709,1,23,0,1
91,C24,CS22620,6906,1,24,1,3
92,Ren-1,CS22610,6959,1,28,0,1
93,Gy-0,CS22631,8214,1,30,0,2
94,Bro1-6,CS76726,8231,1,31,0,2
95,Bla-1,CS971,7015,1,29,1,1
96,Buckhorn_Pass,CS8067,7033,1,28,0,3
97,Van-0,CS22627,6977,1,26,0,2
98,Col(gl1-2),CS3126,2,1,25,0,1
99,Oy-0,CS22658,6946,1,39,0,2
100,Pu2-23,CS22593,6951,1,33,0,3
101,Bs-1,CS997,8270,1,32,1,2
102,Sorbo,CS22653,6963,1,36,1,2
103,No-0,CS6805,7275,1,28,0,1
104,Ak-1,CS939,6987,1,29,1,2
105,Fab-4,CS22577,6918,1,30,0,2
106,Kz-1,CS22606,6930,1,36,1,3
107,Ws-2,CS22659,6981,1,27,1,2
108,Santa_Clara,CS8069,7329,1,20,0,0
109,Bay-0,CS22633,6899,1,22,1,1
110,Dem-4,CS76794,8233,1,38,0,1
111,DraIII-1,CS76815,8285,1,38,0,3
112,Kas-2,CS6751,8424,1,41,0,4
113,Uod-1,CS22612,6975,1,28,0,2
114,Tamm-27,CS22605,6969,1,30,0,2
115,Sr:5,CS77268,8386,1,31,0,1
116,Wa-1,CS22644,6978,1,28,1,3
117,Lc-0,CS1307,8323,1,27,0,4
118,Ove-0,CS1435,7287,1,34,0,4
119,Vinslov,CS78847,9057,1,29,0,3
120,Wei-0,CS22622,6979,1,30,1,4
121,Mrk-0,CS22635,6937,1,28,1,2
122,Shahdara,CS22652,6962,1,30,1,3
123,Pro-0,CS22649,8213,1,30,1,2
124,Hi-0,CS1227,8304,1,21,0,1
125,Na-1,CS1385,8343,1,41,1,2
126,Col-0,CS22625,6909,1,32,0,1
127,Uod-7,CS22613,6976,1,27,0,1
128,Got-22,CS22609,6920,1,55,0,2
129,Ag-0,CS22630,6897,1,28,0,2
130,Sq-8,CS22601,6967,1,43,1,3
131,Per-1,CS1445,8354,1,31,1,1
132,Ba1-2,CS76676,8256,1,32,1,2
133,Ws-0,CS22623,6980,1,25,0,1
134,Rubezhnoe-1,CS927,7323,1,29,0,2
135,Lip-0,CS1337,8325,1,41,1,2
136,Lov-1,CS77049,6043,1,19,0,0
137,Cen-0,CS1067,8275,1,36,0,1
138,Sq-1,CS22600,6966,1,37,1,1
139,Lisse,CS6033,8430,1,34,0,2
140,Ra-0,CS22632,6958,1,29,0,3
141,Jm-0,CS1259,8313,1,30,1,2
142,An-1,CS22626,6898,1,33,1,1
143,Yo-0,CS22624,6983,1,31,0,3
144,Tsu-1,CS22641,6972,1,25,0,3
145,Lillo-1,CS77039,8242,1,37,0,2
146,Liarum,CS77038,8241,1,25,0,2
147,LL-0,CS22650,6933,1,36,0,3
148,Hov4-1,CS76936,8306,1,18,0,1
149,En-1,CS76841,8290,1,29,1,1
150,Tu-0,CS1567,8395,1,32,0,2
151,RRS-7,CS22564,7514,1,31,0,3
152,NFA-10,CS22599,6943,1,34,1,1
153,DraII-1,CS76813,8284,1,30,0,3
154,Zu-1,CS78881,7418,1,29,1,1
155,Bur-0,CS22656,5719,1,28,0,2
156,Kz-9,CS22607,6931,1,31,1,1
157,Lund,CS77060,8335,1,14,0,0
158,Sanna-2,CS77234,8376,1,30,0,3
159,Pa-1,CS1439,8353,1,32,1,3
160,Kn-0,CS6762,7186,1,30,1,2
161,Lp2-2,CS22594,7520,1,21,0,1
162,Alc-0,CS1656,6988,1,47,0,3
163,Kyoto,CS76535,7207,1,29,0,2
164,Zdr-1,CS22588,6984,1,21,0,1
165,Eds-1,CS76834,6016,1,30,0,2
166,PHW-2,CS6002,8243,1,31,0,2
167,Var2-1,CS22580,7516,1,30,0,3
168,Cvi-0,CS22614,6911,1,31,1,2
169,Var2-6,CS22581,7517,1,39,0,3
170,Rev-1,CS77214,8369,1,21,0,2
171,Ler(gl1-1),CS64,1,1,23,0,0
172,Nd-1,CS22619,6942,1,44,1,3
173,Wil-2,CS6889,7413,1,32,1,1
174,Li-2:1,CS6772,7223,1,20,0,2
175,St-0,CS1535,8387,1,17,0,1
176,CIBC-17,CS22603,6907,1,21,0,3
177,Algutsrum,CS76657,8230,1,27,0,2
178,Kelsterbach-4,CS6041,8420,1,23,1,1
179,Lov-5,CS77050,6046,1,21,0,3
180,Hod,CS76924,8235,1,17,0,1
181,Er-0,CS1143,7125,1,30,0,3
182,Rak-2,CS1485,8365,1,23,1,2
183,Rsch-4,CS1494,8374,1,33,1,3
184,Koln,CS76976,8239,1,29,1,2
185,Spr1-2,CS22582,6964,1,30,0,2
186,PHW-34,CS6034,8244,1,23,0,1
187,Pna-10,CS22571,7526,1,33,1,2
188,Tsu-0,CS6874,7373,1,29,0,3
189,Got-7,CS22608,6921,1,55,0,4
190,Zdr-6,CS22589,6985,1,32,0,2
191,Gd-1,CS1185,8296,1,33,0,3
192,Lom1-1,CS77048,6042,1,30,0,1
193,Bor-1,CS22590,5837,1,28,0,3
194,HSm,CS76941,8236,1,23,0,1
195,Kz-13,CS22445,6830,1,30,1,1
196,Ge-0,CS1187,8297,1,35,0,2
197,Seattle-0,CS6187,8245,1,28,1,1
198,Kent,CS76967,8238,1,30,1,1
199,Vimmerby,CS78845,8249,1,21,0,2
200,Eden-2,CS22573,6913,1,33,0,2
201,Mir-0,CS1379,8337,2,23,0,1
202,HR-5,CS22596,6924,2,22,1,2
203,Bor-4,CS22591,6903,2,20,1,1
204,Lu-1,CS1353,8334,2,25,0,1
205,Gul1-2,CS76896,8234,2,46,0,1
206,Dem-4,CS76794,8233,2,39,0,2
207,Cen-0,CS1067,8275,2,31,0,3
208,Ra-0,CS22632,6958,2,32,0,1
209,Wt-5,CS22637,6982,2,29,0,4
210,Rmx-A02,CS22568,7524,2,34,0,3
211,Kn-0,CS6762,7186,2,28,1,1
212,Sq-1,CS22600,6966,2,31,0,3
213,Kent,CS76967,8238,2,25,1,1
214,Ba1-2,CS76676,8256,2,28,1,1
215,Lp2-2,CS22594,7520,2,30,1,0
216,Ge-0,CS1187,8297,2,39,0,3
217,Bor-1,CS22590,5837,2,23,0,2
218,Gu-0,CS22617,6922,2,41,1,2
219,Rubezhnoe-1,CS927,7323,2,37,1,2
220,Got-7,CS22608,6921,2,57,0,2
221,Est-1,CS22629,6916,2,29,0,3
222,Lip-0,CS1337,8325,2,38,1,2
223,Is-0,CS1241,8312,2,31,1,1
224,NC-6,CS77124,8246,2,38,0,1
225,PHW-2,CS6002,8243,2,29,0,3
226,RRS-10,CS22565,7515,2,31,0,4
227,Bs-1,CS997,8270,2,28,1,1
228,Eden-2,CS22573,6913,2,33,0,1
229,H55,CS923,7461,2,41,0,2
230,Col(gl1-2),CS3126,2,2,25,0,3
231,St-0,CS1535,8387,2,27,1,1
232,Lom1-1,CS77048,6042,2,30,0,3
233,Hod,CS76924,8235,2,14,0,1
234,Hovdala-2,CS76937,6039,2,24,0,2
235,Rsch-4,CS1494,8374,2,23,1,1
236,PHW-34,CS6034,8244,2,22,0,3
237,Liarum,CS77038,8241,2,22,0,1
238,Bla-1,CS971,7015,2,25,1,1
239,Vinslov,CS78847,9057,2,29,0,2
240,Rak-2,CS1485,8365,2,26,1,1
241,CIBC-17,CS22603,6907,2,22,0,1
242,Per-1,CS1445,8354,2,21,1,1
243,N13,CS22491,7438,2,35,0,2
244,Uk-3,CS1577,10022,2,25,0,0
245,HR-10,CS22597,6923,2,22,1,1
246,Edi-0,CS22657,6914,2,39,0,2
247,Kin-0,CS22654,6926,2,30,1,1
248,Gd-1,CS1185,8296,2,31,1,1
249,Kavlinge-1,CS76964,8237,2,30,0,2
250,Na-1,CS1385,8343,2,38,0,4
251,Bil-5,CS22578,6900,2,14,0,3
252,Wa-1,CS22644,6978,2,26,1,2
253,Ga-0,CS22634,6919,2,17,0,1
254,Ang-0,CS949,6992,2,43,0,0
255,Var2-6,CS22581,7517,2,34,0,4
256,Vastervik,CS78834,9058,2,28,0,2
257,Sf-1,CS6855,7327,2,40,1,3
258,In-0,CS1239,8311,2,29,1,0
259,Eden-1,CS22572,6009,2,31,0,0
260,Eds-1,CS76834,6016,2,32,1,3
261,Stw-0,CS1539,8388,2,29,0,0
262,Mz-0,CS22636,6940,2,26,0,0
263,Lz-0,CS22615,6936,2,33,0,2
264,Vimmerby,CS78845,8249,2,24,0,1
265,Kni-1,CS76970,6040,2,15,0,0
266,Ws-0,CS22623,6980,2,26,0,1
267,Bro1-6,CS76726,8231,2,25,0,2
268,Zu-0,CS78880,7417,2,22,0,1
269,LL-0,CS22650,6933,2,32,1,1
270,Se-0,CS22646,6961,2,38,1,0
271,Ct-1,CS22639,6910,2,32,1,2
272,Lov-1,CS77049,6043,2,21,0,1
273,Ws-2,CS22659,6981,2,22,1,1
274,HSm,CS76941,8236,2,25,0,1
275,Kondara,CS22651,6929,2,28,0,0
276,NFA-10,CS22599,6943,2,41,1,1
277,Or-1,CS77150,6074,2,30,0,1
278,Kno-10,CS22566,6927,2,24,0,1
279,Sq-8,CS22601,6967,2,38,1,1
280,RRS-7,CS22564,7514,2,30,0,3
281,Ler-1,CS22618,6932,2,17,1,1
282,Fab-2,CS22576,6917,2,25,0,1
283,Pla-0,CS1459,7300,2,35,1,1
284,Wu-0,CS6897,7415,2,16,1,2
285,Van-0,CS22627,6977,2,25,0,2
286,Ts-5,CS22648,6971,2,41,0,2
287,Fr-2,CS1169,7133,2,25,0,1
288,Fab-4,CS22577,6918,2,17,0,1
289,Lund,CS77060,8335,2,15,0,1
290,Sorbo,CS22653,6963,2,34,0,2
291,Tamm-27,CS22605,6969,2,33,0,4
292,Pna-10,CS22571,7526,2,30,0,2
293,Cvi-0,CS22614,6911,2,34,1,2
294,Kelsterbach-4,CS6041,8420,2,32,1,1
295,Bu-0,CS1007,8271,2,21,0,1
296,Lis-2,CS77043,8222,2,40,0,1
297,Pu2-8,CS22449,6953,2,21,0,1
298,Kno-18,CS22567,6928,2,29,0,1
299,Nok-3,CS22643,6945,2,33,0,2
300,Pna-17,CS22570,7523,2,23,0,2
301,Uod-1,CS22612,6975,2,29,0,2
302,Pi-0,CS1455,7298,2,30,0,2
303,Li-2:1,CS6772,7223,2,25,0,1
304,Lp2-6,CS22595,7521,2,24,0,2
305,Oy-0,CS22658,6946,2,35,0,3
306,Col-0,CS22625,6909,2,23,1,2
307,Kz-13,CS22445,6830,2,29,1,1
308,Buckhorn_Pass,CS8067,7033,2,23,0,1
309,DraII-1,CS76813,8284,2,34,0,2
310,Shahdara,CS22652,6962,2,14,1,2
311,Col-0,CS22625,6909,2,25,0,2
312,Hov4-1,CS76936,8306,2,14,0,1
313,Alc-0,CS1656,6988,2,36,0,1
314,Wei-0,CS22622,6979,2,27,1,2
315,Ull2-5,CS22586,6974,2,24,0,3
316,Tsu-1,CS22641,6972,2,26,1,1
317,Gy-0,CS22631,8214,2,30,0,1
318,Tamm-2,CS22604,6968,2,25,0,3
319,Yo-0,CS22624,6983,2,26,0,1
320,Bg-2,CS22342,6709,2,24,0,2
321,Pa-1,CS1439,8353,2,31,1,3
322,Hs-0,CS1237,8310,2,19,1,2
323,Tu-0,CS1567,8395,2,32,1,1
324,Sr:5,CS77268,8386,2,30,0,3
325,Seattle-0,CS6187,8245,2,27,0,3
326,Lm-2,CS1345,8329,2,34,1,3
327,Lisse,CS6033,8430,2,38,0,1
328,Var2-1,CS22580,7516,2,25,0,3
329,Pu2-23,CS22593,6951,2,26,0,1
330,DraIII-1,CS76815,8285,2,33,0,4
331,An-1,CS22626,6898,2,31,1,1
332,Jm-0,CS1259,8313,2,29,1,3
333,Lc-0,CS1307,8323,2,21,0,2
334,Tottarp-2,CS77381,6243,2,24,1,1
335,Bay-0,CS22633,6899,2,30,1,0
336,Sap-0,CS1507,8378,2,40,1,3
337,Ba4-1,CS76677,8258,2,27,0,1
338,Ren-11,CS22611,6960,2,33,1,1
339,Wil-2,CS6889,7413,2,31,1,1
340,Ba5-1,CS76678,8259,2,21,0,2
341,Mt-0,CS22642,6939,2,40,1,2
342,Algutsrum,CS76657,8230,2,32,0,3
343,Kas-2,CS6751,8424,2,17,0,3
344,C24,CS22620,6906,2,21,1,2
345,Ler(gl1-1),CS64,1,2,22,1,2
346,Spr1-6,CS22583,6965,2,27,0,3
347,Zdr-6,CS22589,6985,2,24,1,2
348,Nw-0,CS1409,7258,2,40,1,2
349,Ull1-1,CS78816,8426,2,22,1,2
350,Pu2-7,CS22592,6956,2,21,0,4
351,Nd-1,CS22619,6942,2,47,1,2
352,Ta-0,CS1549,8389,2,25,1,1
353,Mrk-0,CS22635,6937,2,30,0,2
354,Kz-1,CS22606,6930,2,22,1,3
355,Ren-1,CS22610,6959,2,30,1,1
356,Rd-0,CS1483,8366,2,33,1,3
357,No-0,CS6805,7275,2,31,1,3
358,Kyoto,CS76535,7207,2,28,0,3
359,Ak-1,CS939,6987,2,27,1,1
360,Zdr-1,CS22588,6984,2,23,1,0
361,Ka-0,CS1267,8314,2,20,1,1
362,Tsu-0,CS6874,7373,2,29,1,1
363,San-2,CS77233,8247,2,21,0,3
364,Ei-2,CS22616,6915,2,19,0,0
365,Got-22,CS22609,6920,2,42,0,1
366,Mr-0,CS22640,7522,2,20,0,2
367,Rev-1,CS77214,8369,2,21,0,3
368,Co,CS3180,7081,2,24,1,1
369,Uod-7,CS22613,6976,2,30,0,2
370,Sanna-2,CS77234,8376,2,28,0,1
371,Wil-1,CS1595,8419,2,20,0,2
372,Kz-9,CS22607,6931,2,23,1,2
373,Ost-0,CS1431,8351,2,32,0,1
374,Lillo-1,CS77039,8242,2,40,0,2
375,Koln,CS76976,8239,2,24,1,1
376,En-1,CS76841,8290,2,30,1,1
377,Ove-0,CS1435,7287,2,34,1,1
378,Br-0,CS22628,6904,2,23,0,2
379,Dra3-1,CS76811,8283,2,35,0,1
380,Zu-1,CS78881,7418,2,27,0,1
381,Gr-1,CS1199,8300,2,38,0,3
382,Can-0,CS1065,8274,2,30,0,4
383,Spr1-2,CS22582,6964,2,35,0,3
384,Ms-0,CS22655,6938,2,30,0,0
385,Hi-0,CS1227,8304,2,15,1,1
386,Fei-0,CS22645,8215,2,23,1,1
387,Er-0,CS1143,7125,2,21,0,2
388,Bur-0,CS22656,5719,2,24,0,0
389,Lov-5,CS77050,6046,2,21,0,1
390,Sav-0,CS1515,8412,2,21,0,1
391,Rmx-A180,CS22569,7525,2,36,0,4
392,Lis-1,CS77042,8326,2,32,0,3
393,Ts-1,CS22647,6970,2,31,1,1
394,Petergof,CS926,7296,2,32,1,0
395,Ag-0,CS22630,6897,2,29,0,2
396,Pro-0,CS22649,8213,2,33,1,2
397,Santa_Clara,CS8069,7329,2,24,0,2
398,NFA-8,CS22598,6944,2,33,1,1
399,Duk,CS76824,6008,2,34,1,1
400,Bil-7,CS22579,6901,2,18,0,0
401,Lov-1,CS77049,6043,3,17,0,0
402,Duk,CS76824,6008,3,30,1,0
403,Rsch-4,CS1494,8374,3,23,0,0
404,C24,CS22620,6906,3,23,1,0
405,Seattle-0,CS6187,8245,3,21,0,0
406,HSm,CS76941,8236,3,27,0,2
407,Kin-0,CS22654,6926,3,17,1,1
408,Cvi-0,CS22614,6911,3,30,1,1
409,Mir-0,CS1379,8337,3,21,0,1
410,Liarum,CS77038,8241,3,20,0,0
411,Hov4-1,CS76936,8306,3,15,0,1
412,Ba5-1,CS76678,8259,3,17,0,0
413,Ost-0,CS1431,8351,3,36,0,1
414,Ct-1,CS22639,6910,3,37,1,2
415,Eden-1,CS22572,6009,3,36,0,1
416,Nok-3,CS22643,6945,3,40,0,0
417,En-1,CS76841,8290,3,28,1,1
418,Sq-1,CS22600,6966,3,42,1,1
419,Wa-1,CS22644,6978,3,22,1,0
420,Pna-17,CS22570,7523,3,25,0,0
421,PHW-34,CS6034,8244,3,21,0,1
422,Lip-0,CS1337,8325,3,34,1,1
423,Zdr-6,CS22589,6985,3,30,0,0
424,Kni-1,CS76970,6040,3,13,0,0
425,Lisse,CS6033,8430,3,35,0,1
426,Bil-5,CS22578,6900,3,16,0,1
427,In-0,CS1239,8311,3,32,1,1
428,Pu2-8,CS22449,6953,3,20,0,1
429,Zdr-1,CS22588,6984,3,22,1,1
430,Bu-0,CS1007,8271,3,20,0,1
431,Kz-1,CS22606,6930,3,20,1,3
432,Gu-0,CS22617,6922,3,35,1,1
433,Lillo-1,CS77039,8242,3,41,0,0
434,Can-0,CS1065,8274,3,31,0,0
435,Vastervik,CS78834,9058,3,22,0,1
436,Mz-0,CS22636,6940,3,29,1,0
437,Or-1,CS77150,6074,3,42,0,2
438,Lom1-1,CS77048,6042,3,35,1,1
439,Rubezhnoe-1,CS927,7323,3,35,1,1
440,H55,CS923,7461,3,41,0,1
441,Var2-1,CS22580,7516,3,28,0,0
442,Tu-0,CS1567,8395,3,30,1,1
443,Col(gl1-2),CS3126,2,3,35,0,0
444,Gr-1,CS1199,8300,3,30,1,0
445,Ler-1,CS22618,6932,3,24,1,0
446,Got-22,CS22609,6920,3,45,0,2
447,NC-6,CS77124,8246,3,40,0,0
448,Ei-2,CS22616,6915,3,34,0,0
449,Van-0,CS22627,6977,3,29,0,0
450,Cen-0,CS1067,8275,3,28,0,1
451,Eds-1,CS76834,6016,3,31,0,2
452,Lund,CS77060,8335,3,14,0,3
453,Sr:5,CS77268,8386,3,28,1,2
454,Oy-0,CS22658,6946,3,42,0,0
455,Ga-0,CS22634,6919,3,28,1,0
456,Ren-11,CS22611,6960,3,30,0,0
457,Pna-10,CS22571,7526,3,32,0,0
458,Rd-0,CS1483,8366,3,23,0,0
459,Sav-0,CS1515,8412,3,28,1,1
460,Ta-0,CS1549,8389,3,34,0,2
461,Wei-0,CS22622,6979,3,27,0,2
462,Wt-5,CS22637,6982,3,34,0,0
463,Bs-1,CS997,8270,3,26,0,1
464,Sap-0,CS1507,8378,3,37,0,0
465,Hod,CS76924,8235,3,18,0,1
466,Ang-0,CS949,6992,3,38,1,0
467,Hs-0,CS1237,8310,3,29,1,1
468,Gd-1,CS1185,8296,3,28,1,1
469,Mrk-0,CS22635,6937,3,26,0,0
470,Shahdara,CS22652,6962,3,35,1,3
471,Ag-0,CS22630,6897,3,34,0,1
472,Pi-0,CS1455,7298,3,32,0,0
473,Bur-0,CS22656,5719,3,26,0,0
474,Wil-2,CS6889,7413,3,27,0,0
475,Spr1-2,CS22582,6964,3,32,0,2
476,An-1,CS22626,6898,3,30,1,1
477,Bla-1,CS971,7015,3,25,1,1
478,Kno-18,CS22567,6928,3,23,0,0
479,Stw-0,CS1539,8388,3,30,0,0
480,Eden-2,CS22573,6913,3,34,0,0
481,Ws-2,CS22659,6981,3,24,1,0
482,Lis-1,CS77042,8326,3,47,0,0
483,Na-1,CS1385,8343,3,35,1,0
484,Kno-10,CS22566,6927,3,14,0,1
485,No-0,CS6805,7275,3,33,0,0
486,Tamm-27,CS22605,6969,3,24,0,0
487,Alc-0,CS1656,6988,3,50,0,1
488,Bay-0,CS22633,6899,3,27,1,0
489,Gy-0,CS22631,8214,3,34,0,1
490,Sq-8,CS22601,6967,3,39,1,0
491,Sorbo,CS22653,6963,3,35,0,1
492,Ts-1,CS22647,6970,3,36,0,1
493,Ts-5,CS22648,6971,3,28,0,1
494,DraIII-1,CS76815,8285,3,35,0,0
495,Ull2-5,CS22586,6974,3,27,0,0
496,HR-10,CS22597,6923,3,19,1,3
497,Got-7,CS22608,6921,3,37,0,2
498,Ba1-2,CS76676,8256,3,30,0,1
499,Nd-1,CS22619,6942,3,43,0,2
500,Lm-2,CS1345,8329,3,31,0,1
501,Uod-1,CS22612,6975,3,29,0,0
502,Tsu-1,CS22641,6972,3,30,0,1
503,Yo-0,CS22624,6983,3,32,0,1
504,NFA-8,CS22598,6944,3,34,1,0
505,Algutsrum,CS76657,8230,3,29,0,0
506,Koln,CS76976,8239,3,30,0,0
507,Kz-9,CS22607,6931,3,33,1,0
508,Pa-1,CS1439,8353,3,30,1,0
509,Ler(gl1-1),CS64,1,3,22,0,0
510,Rak-2,CS1485,8365,3,20,1,2
511,Li-2:1,CS6772,7223,3,21,0,0
512,Rev-1,CS77214,8369,3,24,0,1
513,DraII-1,CS76813,8284,3,25,0,2
514,Ra-0,CS22632,6958,3,24,0,1
515,Ove-0,CS1435,7287,3,27,0,0
516,Ull1-1,CS78816,8426,3,30,1,1
517,Kondara,CS22651,6929,3,33,1,0
518,Jm-0,CS1259,8313,3,22,1,1
519,Nw-0,CS1409,7258,3,44,1,2
520,Zu-0,CS78880,7417,3,23,0,4
521,Ak-1,CS939,6987,3,24,1,0
522,Sf-1,CS6855,7327,3,43,1,1
523,Vinslov,CS78847,9057,3,29,0,0
524,Spr1-6,CS22583,6965,3,33,0,1
525,Fr-2,CS1169,7133,3,32,1,0
526,RRS-10,CS22565,7515,3,33,0,2
527,Bil-7,CS22579,6901,3,18,0,2
528,Lu-1,CS1353,8334,3,28,0,3
529,Tottarp-2,CS77381,6243,3,25,1,1
530,Kyoto,CS76535,7207,3,23,1,1
531,Fab-2,CS22576,6917,3,25,0,1
532,Kavlinge-1,CS76964,8237,3,27,0,1
533,Bro1-6,CS76726,8231,3,25,0,3
534,Vimmerby,CS78845,8249,3,24,0,2
535,Ren-1,CS22610,6959,3,30,0,0
536,Tsu-0,CS6874,7373,3,23,1,1
537,Pu2-23,CS22593,6951,3,29,1,0
538,Gul1-2,CS76896,8234,3,30,0,1
539,Rmx-A180,CS22569,7525,3,34,1,2
540,Ba4-1,CS76677,8258,3,25,0,1
541,Mt-0,CS22642,6939,3,40,1,1
542,Hovdala-2,CS76937,6039,3,19,0,1
543,Lov-5,CS77050,6046,3,20,0,2
544,Lp2-6,CS22595,7521,3,23,0,2
545,RRS-7,CS22564,7514,3,33,0,2
546,CIBC-17,CS22603,6907,3,20,0,0
547,N13,CS22491,7438,3,33,0,2
548,Kelsterbach-4,CS6041,8420,3,21,0,1
549,Ge-0,CS1187,8297,3,36,0,1
550,Kz-13,CS22445,6830,3,25,1,0
551,NFA-10,CS22599,6943,3,34,0,0
552,Lz-0,CS22615,6936,3,33,0,1
553,Wil-1,CS1595,8419,3,26,0,0
554,Br-0,CS22628,6904,3,28,0,0
555,Ka-0,CS1267,8314,3,27,1,0
556,Is-0,CS1241,8312,3,24,1,0
557,Zu-1,CS78881,7418,3,25,1,2
558,Bg-2,CS22342,6709,3,24,0,0
559,Santa_Clara,CS8069,7329,3,26,1,1
560,Uod-7,CS22613,6976,3,28,0,2
561,Tamm-2,CS22604,6968,3,20,0,1
562,San-2,CS77233,8247,3,21,0,4
563,Edi-0,CS22657,6914,3,35,0,1
564,Kn-0,CS6762,7186,3,29,0,0
565,Lp2-2,CS22594,7520,3,25,0,0
566,Uk-3,CS1577,10022,3,33,1,1
567,Buckhorn_Pass,CS8067,7033,3,28,0,4
568,Col-0,CS22625,6909,3,24,0,1
569,Bor-1,CS22590,5837,3,27,1,1
570,Se-0,CS22646,6961,3,36,0,0
571,Hi-0,CS1227,8304,3,28,1,1
572,Mr-0,CS22640,7522,3,23,0,0
573,Rmx-A02,CS22568,7524,3,39,0,0
574,PHW-2,CS6002,8243,3,30,0,0
575,Dra3-1,CS76811,8283,3,25,0,2
576,Sanna-2,CS77234,8376,3,25,0,2
577,Dem-4,CS76794,8233,3,44,0,0
578,Ws-0,CS22623,6980,3,20,0,2
579,Er-0,CS1143,7125,3,26,0,0
580,Col-0,CS22625,6909,3,24,1,0
581,Pro-0,CS22649,8213,3,23,1,1
582,Kas-2,CS6751,8424,3,33,0,0
583,Ms-0,CS22655,6938,3,23,0,3
584,Co,CS3180,7081,3,28,1,0
585,Est-1,CS22629,6916,3,27,0,0
586,Fab-4,CS22577,6918,3,24,0,2
587,Fei-0,CS22645,8215,3,21,0,0
588,St-0,CS1535,8387,3,30,0,0
589,Var2-6,CS22581,7517,3,34,0,0
590,Bor-4,CS22591,6903,3,31,0,0
591,Lis-2,CS77043,8222,3,40,0,3
592,Kent,CS76967,8238,3,29,1,1
593,Per-1,CS1445,8354,3,25,1,1
594,Pla-0,CS1459,7300,3,27,0,0
595,LL-0,CS22650,6933,3,39,0,1
596,Wu-0,CS6897,7415,3,20,1,3
597,Lc-0,CS1307,8323,3,28,1,1
598,Pu2-7,CS22592,6956,3,27,0,2
599,HR-5,CS22596,6924,3,15,0,2
600,Petergof,CS926,7296,3,30,0,0
601,Lis-2,CS77043,8222,4,35,0,2
602,Eden-2,CS22573,6913,4,34,0,1
603,Ler(gl1-1),CS64,1,4,21,0,1
604,Tottarp-2,CS77381,6243,4,24,1,1
605,San-2,CS77233,8247,4,20,0,2
606,Ws-2,CS22659,6981,4,22,1,1
607,Kz-13,CS22445,6830,4,30,1,2
608,Bla-1,CS971,7015,4,29,1,0
609,Liarum,CS77038,8241,4,20,0,4
610,Col(gl1-2),CS3126,2,4,22,0,3
611,Shahdara,CS22652,6962,4,27,1,2
612,Ag-0,CS22630,6897,4,25,0,0
613,Var2-1,CS22580,7516,4,29,0,1
614,Kno-18,CS22567,6928,4,22,0,2
615,Pro-0,CS22649,8213,4,25,1,3
616,Gy-0,CS22631,8214,4,41,0,2
617,Spr1-2,CS22582,6964,4,33,1,1
618,Sq-1,CS22600,6966,4,31,0,1
619,Got-7,CS22608,6921,4,48,0,4
620,Rsch-4,CS1494,8374,4,39,0,2
621,Is-0,CS1241,8312,4,28,1,0
622,Duk,CS76824,6008,4,29,1,1
623,Sav-0,CS1515,8412,4,30,1,1
624,Nw-0,CS1409,7258,4,30,1,1
625,Ak-1,CS939,6987,4,29,1,1
626,Pna-17,CS22570,7523,4,23,0,2
627,Kent,CS76967,8238,4,24,1,2
628,Bro1-6,CS76726,8231,4,25,0,3
629,Lc-0,CS1307,8323,4,24,1,1
630,Bil-5,CS22578,6900,4,13,0,1
631,Co,CS3180,7081,4,30,1,3
632,Kni-1,CS76970,6040,4,14,0,3
633,Bg-2,CS22342,6709,4,24,1,2
634,Nd-1,CS22619,6942,4,39,1,1
635,NC-6,CS77124,8246,4,23,0,2
636,RRS-7,CS22564,7514,4,34,0,4
637,Mz-0,CS22636,6940,4,29,1,2
638,Bu-0,CS1007,8271,4,18,0,3
639,Hov4-1,CS76936,8306,4,14,0,1
640,Kavlinge-1,CS76964,8237,4,30,0,3
641,Sr:5,CS77268,8386,4,24,1,1
642,In-0,CS1239,8311,4,29,1,0
643,HR-10,CS22597,6923,4,14,1,1
644,Cvi-0,CS22614,6911,4,31,1,1
645,Ct-1,CS22639,6910,4,30,1,1
646,Cen-0,CS1067,8275,4,31,0,2
647,Tamm-2,CS22604,6968,4,24,0,2
648,Na-1,CS1385,8343,4,45,1,1
649,Sf-1,CS6855,7327,4,44,1,3
650,Ga-0,CS22634,6919,4,14,0,0
651,Zu-0,CS78880,7417,4,24,0,4
652,Se-0,CS22646,6961,4,29,1,1
653,Sap-0,CS1507,8378,4,36,1,1
654,Ba1-2,CS76676,8256,4,14,1,1
655,Hod,CS76924,8235,4,20,0,1
656,Kno-10,CS22566,6927,4,19,0,2
657,Ler-1,CS22618,6932,4,17,1,2
658,Er-0,CS1143,7125,4,28,0,0
659,Gu-0,CS22617,6922,4,34,1,2
660,Ei-2,CS22616,6915,4,23,0,2
661,Kelsterbach-4,CS6041,8420,4,30,0,3
662,Dem-4,CS76794,8233,4,36,0,2
663,Rev-1,CS77214,8369,4,21,0,1
664,Mt-0,CS22642,6939,4,35,1,3
665,Wil-2,CS6889,7413,4,24,1,1
666,Kn-0,CS6762,7186,4,25,1,2
667,Rmx-A02,CS22568,7524,4,34,0,2
668,DraII-1,CS76813,8284,4,30,0,2
669,Mrk-0,CS22635,6937,4,27,0,1
670,NFA-10,CS22599,6943,4,38,0,0
671,Rd-0,CS1483,8366,4,27,0,1
672,Lillo-1,CS77039,8242,4,35,0,2
673,Uk-3,CS1577,10022,4,29,1,1
674,En-1,CS76841,8290,4,23,1,1
675,Gul1-2,CS76896,8234,4,29,0,2
676,Uod-1,CS22612,6975,4,27,0,2
677,Lund,CS77060,8335,4,18,0,1
678,Wil-1,CS1595,8419,4,25,1,0
679,Tsu-1,CS22641,6972,4,31,1,0
680,Bor-4,CS22591,6903,4,22,1,2
681,Lp2-2,CS22594,7520,4,24,1,0
682,Edi-0,CS22657,6914,4,34,0,2
683,Tamm-27,CS22605,6969,4,28,0,3
684,Br-0,CS22628,6904,4,27,0,1
685,Ra-0,CS22632,6958,4,23,0,4
686,Col-0,CS22625,6909,4,28,1,0
687,Rubezhnoe-1,CS927,7323,4,32,1,1
688,Jm-0,CS1259,8313,4,27,1,1
689,Santa_Clara,CS8069,7329,4,24,1,0
690,N13,CS22491,7438,4,34,0,1
691,Tsu-0,CS6874,7373,4,24,0,2
692,Buckhorn_Pass,CS8067,7033,4,30,0,2
693,Seattle-0,CS6187,8245,4,34,1,1
694,Lov-1,CS77049,6043,4,15,0,1
695,Pu2-23,CS22593,6951,4,28,1,0
696,Hi-0,CS1227,8304,4,18,1,1
697,Eden-1,CS22572,6009,4,30,0,1
698,Li-2:1,CS6772,7223,4,23,0,2
699,Ang-0,CS949,6992,4,35,1,1
700,PHW-34,CS6034,8244,4,25,0,2
701,Kondara,CS22651,6929,4,26,0,1
702,St-0,CS1535,8387,4,22,1,1
703,Alc-0,CS1656,6988,4,37,0,0
704,Lz-0,CS22615,6936,4,33,0,2
705,Wt-5,CS22637,6982,4,26,1,2
706,Or-1,CS77150,6074,4,43,0,2
707,Got-22,CS22609,6920,4,41,0,2
708,Vinslov,CS78847,9057,4,24,0,1
709,Ts-1,CS22647,6970,4,35,1,1
710,Fab-4,CS22577,6918,4,22,0,0
711,Kz-9,CS22607,6931,4,30,1,1
712,Col-0,CS22625,6909,4,23,0,3
713,Van-0,CS22627,6977,4,26,0,0
714,Per-1,CS1445,8354,4,23,0,1
715,No-0,CS6805,7275,4,37,0,1
716,Kz-1,CS22606,6930,4,24,1,4
717,Rmx-A180,CS22569,7525,4,29,0,1
718,Ull2-5,CS22586,6974,4,24,0,2
719,Ren-11,CS22611,6960,4,29,1,1
720,Zu-1,CS78881,7418,4,25,1,1
721,Algutsrum,CS76657,8230,4,27,0,4
722,C24,CS22620,6906,4,23,1,1
723,HR-5,CS22596,6924,4,15,1,1
724,Bay-0,CS22633,6899,4,20,1,1
725,Dra3-1,CS76811,8283,4,42,0,1
726,Fab-2,CS22576,6917,4,26,0,0
727,Vastervik,CS78834,9058,4,24,0,1
728,Ull1-1,CS78816,8426,4,28,1,1
729,Bur-0,CS22656,5719,4,31,0,2
730,Zdr-6,CS22589,6985,4,28,0,3
731,Fei-0,CS22645,8215,4,25,1,3
732,DraIII-1,CS76815,8285,4,33,1,1
733,LL-0,CS22650,6933,4,30,1,3
734,HSm,CS76941,8236,4,20,0,0
735,Mir-0,CS1379,8337,4,18,0,4
736,Tu-0,CS1567,8395,4,28,1,3
737,Ove-0,CS1435,7287,4,32,1,2
738,Hs-0,CS1237,8310,4,20,1,3
739,Ts-5,CS22648,6971,4,32,0,0
740,Gr-1,CS1199,8300,4,38,0,2
741,CIBC-17,CS22603,6907,4,21,0,2
742,Nok-3,CS22643,6945,4,40,0,3
743,Spr1-6,CS22583,6965,4,26,0,2
744,Oy-0,CS22658,6946,4,31,0,1
745,Ge-0,CS1187,8297,4,38,0,2
746,Rak-2,CS1485,8365,4,17,1,1
747,Bor-1,CS22590,5837,4,22,0,3
748,Wa-1,CS22644,6978,4,20,1,1
749,Ta-0,CS1549,8389,4,31,1,2
750,Gd-1,CS1185,8296,4,38,1,1
751,PHW-2,CS6002,8243,4,28,0,3
752,Pu2-7,CS22592,6956,4,29,0,1
753,Kas-2,CS6751,8424,4,41,1,2
754,Ws-0,CS22623,6980,4,17,0,3
755,Pu2-8,CS22449,6953,4,25,0,1
756,Ms-0,CS22655,6938,4,35,0,1
757,Ba4-1,CS76677,8258,4,26,0,2
758,Lis-1,CS77042,8326,4,30,0,3
759,Vimmerby,CS78845,8249,4,21,0,1
760,Ka-0,CS1267,8314,4,22,1,2
761,Hovdala-2,CS76937,6039,4,23,0,1
762,Eds-1,CS76834,6016,4,26,0,3
763,Ren-1,CS22610,6959,4,22,1,1
764,Ost-0,CS1431,8351,4,31,0,3
765,Koln,CS76976,8239,4,23,1,1
766,Var2-6,CS22581,7517,4,36,0,4
767,Uod-7,CS22613,6976,4,26,0,1
768,RRS-10,CS22565,7515,4,27,0,1
769,Ba5-1,CS76678,8259,4,19,0,0
770,Lm-2,CS1345,8329,4,31,1,2
771,Can-0,CS1065,8274,4,30,0,2
772,Pla-0,CS1459,7300,4,35,1,1
773,H55,CS923,7461,4,31,1,1
774,Petergof,CS926,7296,4,34,0,2
775,Est-1,CS22629,6916,4,27,0,2
776,Kin-0,CS22654,6926,4,30,0,1
777,Pna-10,CS22571,7526,4,25,0,2
778,Pi-0,CS1455,7298,4,29,0,1
779,Lov-5,CS77050,6046,4,30,0,2
780,Stw-0,CS1539,8388,4,39,0,1
781,Fr-2,CS1169,7133,4,28,1,1
782,Zdr-1,CS22588,6984,4,18,1,2
783,Sanna-2,CS77234,8376,4,23,0,2
784,Wei-0,CS22622,6979,4,30,1,1
785,Lp2-6,CS22595,7521,4,29,0,2
786,Pa-1,CS1439,8353,4,28,1,2
787,Mr-0,CS22640,7522,4,15,0,2
788,Lom1-1,CS77048,6042,4,29,1,2
789,Wu-0,CS6897,7415,4,22,1,1
790,Sq-8,CS22601,6967,4,34,1,3
791,Bs-1,CS997,8270,4,25,1,3
792,Bil-7,CS22579,6901,4,19,0,2
793,Lu-1,CS1353,8334,4,30,0,3
794,An-1,CS22626,6898,4,29,1,1
795,Lisse,CS6033,8430,4,35,1,1
796,Yo-0,CS22624,6983,4,28,0,3
797,Kyoto,CS76535,7207,4,23,0,2
798,NFA-8,CS22598,6944,4,32,1,1
799,Sorbo,CS22653,6963,4,36,0,3
800,Lip-0,CS1337,8325,4,37,1,1
801,Kno-10,CS22566,6927,5,17,0,3
802,Tsu-0,CS6874,7373,5,27,0,1
803,Kn-0,CS6762,7186,5,19,0,0
804,An-1,CS22626,6898,5,17,0,2
805,Ba5-1,CS76678,8259,5,22,0,2
806,Fr-2,CS1169,7133,5,24,1,1
807,Lz-0,CS22615,6936,5,39,0,1
808,Kavlinge-1,CS76964,8237,5,23,0,1
809,Bor-1,CS22590,5837,5,22,0,1
810,Duk,CS76824,6008,5,35,1,2
811,Ba4-1,CS76677,8258,5,28,0,3
812,Uod-1,CS22612,6975,5,22,0,1
813,Seattle-0,CS6187,8245,5,22,0,0
814,Gul1-2,CS76896,8234,5,33,0,3
815,Per-1,CS1445,8354,5,16,1,0
816,Got-7,CS22608,6921,5,43,0,2
817,NFA-10,CS22599,6943,5,21,0,2
818,Bay-0,CS22633,6899,5,20,0,1
819,Kz-1,CS22606,6930,5,23,1,1
820,Li-2:1,CS6772,7223,5,24,0,0
821,Lp2-2,CS22594,7520,5,28,0,0
822,Lc-0,CS1307,8323,5,12,0,1
823,Santa_Clara,CS8069,7329,5,17,0,0
824,CIBC-17,CS22603,6907,5,18,0,1
825,Yo-0,CS22624,6983,5,25,0,2
826,Kas-2,CS6751,8424,5,27,0,1
827,Fab-4,CS22577,6918,5,25,0,1
828,Bil-5,CS22578,6900,5,18,0,2
829,Tu-0,CS1567,8395,5,30,0,1
830,Edi-0,CS22657,6914,5,29,0,3
831,Bg-2,CS22342,6709,5,18,0,1
832,Sr:5,CS77268,8386,5,12,0,2
833,Col-0,CS22625,6909,5,24,0,2
834,Var2-6,CS22581,7517,5,23,0,2
835,Sf-1,CS6855,7327,5,35,0,4
836,C24,CS22620,6906,5,20,1,1
837,Mr-0,CS22640,7522,5,19,0,1
838,Cen-0,CS1067,8275,5,28,0,2
839,NFA-8,CS22598,6944,5,27,1,2
840,Wt-5,CS22637,6982,5,16,0,1
841,Lm-2,CS1345,8329,5,23,1,2
842,Wil-2,CS6889,7413,5,27,1,2
843,Co,CS3180,7081,5,31,1,1
844,Kno-18,CS22567,6928,5,29,0,1
845,Buckhorn_Pass,CS8067,7033,5,30,0,2
846,Rmx-A180,CS22569,7525,5,34,0,2
847,Er-0,CS1143,7125,5,27,0,0
848,Sq-8,CS22601,6967,5,30,1,2
849,Alc-0,CS1656,6988,5,38,0,3
850,HR-10,CS22597,6923,5,8,1,1
851,Rsch-4,CS1494,8374,5,5,0,1
852,Sorbo,CS22653,6963,5,27,1,1
853,Zu-1,CS78881,7418,5,23,1,2
854,Lov-5,CS77050,6046,5,17,0,0
855,In-0,CS1239,8311,5,31,1,1
856,Kent,CS76967,8238,5,21,1,1
857,Koln,CS76976,8239,5,22,1,1
858,Lillo-1,CS77039,8242,5,33,0,1
859,Gu-0,CS22617,6922,5,32,1,2
860,Eden-2,CS22573,6913,5,27,0,1
861,Kz-9,CS22607,6931,5,18,1,1
862,Spr1-2,CS22582,6964,5,24,0,2
863,Ba1-2,CS76676,8256,5,25,0,1
864,RRS-7,CS22564,7514,5,14,0,1
865,Tamm-27,CS22605,6969,5,24,0,0
866,Pu2-8,CS22449,6953,5,15,0,1
867,Wu-0,CS6897,7415,5,14,1,3
868,Pu2-23,CS22593,6951,5,15,0,0
869,Tottarp-2,CS77381,6243,5,24,1,1
870,Can-0,CS1065,8274,5,25,0,1
871,Lis-1,CS77042,8326,5,15,0,1
872,Kondara,CS22651,6929,5,20,0,3
873,Van-0,CS22627,6977,5,21,0,2
874,Lu-1,CS1353,8334,5,24,0,1
875,Ull2-5,CS22586,6974,5,25,0,2
876,Ka-0,CS1267,8314,5,17,1,1
877,Lp2-6,CS22595,7521,5,24,0,2
878,Ull1-1,CS78816,8426,5,25,1,2
879,Ra-0,CS22632,6958,5,19,1,1
880,Gy-0,CS22631,8214,5,38,0,1
881,Rd-0,CS1483,8366,5,24,0,1
882,LL-0,CS22650,6933,5,25,0,1
883,Ge-0,CS1187,8297,5,20,0,0
884,Ts-5,CS22648,6971,5,31,0,4
885,Hs-0,CS1237,8310,5,29,1,1
886,Ak-1,CS939,6987,5,30,1,0
887,Oy-0,CS22658,6946,5,25,1,1
888,Ren-1,CS22610,6959,5,28,1,1
889,Zdr-6,CS22589,6985,5,28,1,1
890,Ga-0,CS22634,6919,5,20,0,1
891,Stw-0,CS1539,8388,5,33,1,2
892,Sanna-2,CS77234,8376,5,28,0,2
893,Jm-0,CS1259,8313,5,29,1,3
894,Ove-0,CS1435,7287,5,28,1,1
895,DraIII-1,CS76815,8285,5,37,1,1
896,Vastervik,CS78834,9058,5,25,0,0
897,Hod,CS76924,8235,5,12,0,2
898,Ost-0,CS1431,8351,5,24,0,1
899,Wei-0,CS22622,6979,5,31,1,3
900,Bu-0,CS1007,8271,5,21,0,0
901,Mir-0,CS1379,8337,5,22,0,1
902,Kyoto,CS76535,7207,5,23,0,1
903,Lom1-1,CS77048,6042,5,24,1,1
904,Pu2-7,CS22592,6956,5,22,0,1
905,Kni-1,CS76970,6040,5,5,0,1
906,Rmx-A02,CS22568,7524,5,15,0,1
907,PHW-2,CS6002,8243,5,24,0,2
908,Bla-1,CS971,7015,5,19,0,0
909,Col(gl1-2),CS3126,2,5,24,0,0
910,Ws-2,CS22659,6981,5,20,1,1
911,Rev-1,CS77214,8369,5,15,0,3
912,Liarum,CS77038,8241,5,25,0,0
913,Var2-1,CS22580,7516,5,20,0,1
914,Bur-0,CS22656,5719,5,22,0,0
915,No-0,CS6805,7275,5,31,1,1
916,Ang-0,CS949,6992,5,23,0,2
917,Eden-1,CS22572,6009,5,19,0,1
918,Br-0,CS22628,6904,5,22,0,1
919,Wa-1,CS22644,6978,5,21,1,2
920,Bro1-6,CS76726,8231,5,23,0,2
921,Pi-0,CS1455,7298,5,28,1,1
922,Rak-2,CS1485,8365,5,11,1,0
923,Mt-0,CS22642,6939,5,24,1,1
924,NC-6,CS77124,8246,5,16,0,1
925,Nok-3,CS22643,6945,5,39,0,2
926,Lov-1,CS77049,6043,5,18,0,1
927,Ws-0,CS22623,6980,5,20,0,1
928,Pa-1,CS1439,8353,5,17,1,2
929,Uk-3,CS1577,10022,5,15,0,1
930,Spr1-6,CS22583,6965,5,39,0,1
931,Uod-7,CS22613,6976,5,25,0,1
932,Bs-1,CS997,8270,5,22,1,2
933,Lund,CS77060,8335,5,8,0,0
934,H55,CS923,7461,5,25,1,1
935,Nd-1,CS22619,6942,5,27,1,2
936,Sav-0,CS1515,8412,5,15,1,1
937,RRS-10,CS22565,7515,5,26,0,3
938,Fei-0,CS22645,8215,5,24,0,0
939,N13,CS22491,7438,5,24,0,1
940,Pna-17,CS22570,7523,5,23,0,2
941,Tamm-2,CS22604,6968,5,25,0,2
942,Kelsterbach-4,CS6041,8420,5,22,0,1
943,Dra3-1,CS76811,8283,5,27,0,3
944,HR-5,CS22596,6924,5,4,0,1
945,Fab-2,CS22576,6917,5,21,0,0
946,Pna-10,CS22571,7526,5,21,0,2
947,San-2,CS77233,8247,5,15,0,1
948,DraII-1,CS76813,8284,5,24,0,1
949,HSm,CS76941,8236,5,15,0,2
950,Bor-4,CS22591,6903,5,20,0,1
951,Gr-1,CS1199,8300,5,33,0,1
952,Ms-0,CS22655,6938,5,25,0,1
953,Is-0,CS1241,8312,5,3,0,1
954,Ta-0,CS1549,8389,5,23,1,1
955,St-0,CS1535,8387,5,24,0,2
956,Col-0,CS22625,6909,5,21,0,3
957,Ler(gl1-1),CS64,1,5,22,0,1
958,Algutsrum,CS76657,8230,5,18,0,1
959,Cvi-0,CS22614,6911,5,28,1,2
960,Lisse,CS6033,8430,5,29,0,0
961,Zdr-1,CS22588,6984,5,15,1,1
962,Hi-0,CS1227,8304,5,2,0,1
963,Tsu-1,CS22641,6972,5,20,0,3
964,Pro-0,CS22649,8213,5,25,1,2
965,Got-22,CS22609,6920,5,36,0,1
966,Vimmerby,CS78845,8249,5,15,0,1
967,Nw-0,CS1409,7258,5,26,1,1
968,Mrk-0,CS22635,6937,5,19,0,1
969,Pla-0,CS1459,7300,5,25,0,2
970,Ag-0,CS22630,6897,5,24,0,1
971,Hov4-1,CS76936,8306,5,10,0,1
972,En-1,CS76841,8290,5,25,1,1
973,Wil-1,CS1595,8419,5,24,1,1
974,Gd-1,CS1185,8296,5,27,0,1
975,Lip-0,CS1337,8325,5,34,1,1
976,Hovdala-2,CS76937,6039,5,15,0,1
977,PHW-34,CS6034,8244,5,17,0,0
978,Dem-4,CS76794,8233,5,35,0,0
979,Lis-2,CS77043,8222,5,34,0,1
980,Sap-0,CS1507,8378,5,33,1,2
981,Ren-11,CS22611,6960,5,31,1,2
982,Zu-0,CS78880,7417,5,33,0,1
983,Eds-1,CS76834,6016,5,18,0,1
984,Ts-1,CS22647,6970,5,28,1,2
985,Mz-0,CS22636,6940,5,25,0,1
986,Shahdara,CS22652,6962,5,19,1,1
987,Est-1,CS22629,6916,5,24,0,2
988,Ler-1,CS22618,6932,5,19,0,1
989,Sq-1,CS22600,6966,5,22,0,2
990,Rubezhnoe-1,CS927,7323,5,33,0,1
991,Ei-2,CS22616,6915,5,17,0,0
992,Or-1,CS77150,6074,5,29,0,1
993,Se-0,CS22646,6961,5,27,0,1
994,Petergof,CS926,7296,5,26,0,1
995,Kz-13,CS22445,6830,5,30,1,2
996,Bil-7,CS22579,6901,5,17,0,0
997,Kin-0,CS22654,6926,5,12,0,1
998,Na-1,CS1385,8343,5,32,0,1
999,Ct-1,CS22639,6910,5,23,1,1
1000,Vinslov,CS78847,9057,5,21,0,3
1001,Mt-0,CS22642,6939,6,34,1,1
1002,RRS-7,CS22564,7514,6,31,0,2
1003,Bor-4,CS22591,6903,6,28,1,1
1004,Bro1-6,CS76726,8231,6,29,0,1
1005,Tamm-27,CS22605,6969,6,27,0,2
1006,Kent,CS76967,8238,6,28,1,0
1007,Ws-2,CS22659,6981,6,23,1,0
1008,Oy-0,CS22658,6946,6,31,1,1
1009,Hov4-1,CS76936,8306,6,13,0,2
1010,Kyoto,CS76535,7207,6,25,0,0
1011,Got-22,CS22609,6920,6,22,0,1
1012,Ove-0,CS1435,7287,6,8,0,0
1013,Petergof,CS926,7296,6,26,0,2
1014,Seattle-0,CS6187,8245,6,24,1,0
1015,Kn-0,CS6762,7186,6,26,1,1
1016,Bil-7,CS22579,6901,6,16,0,0
1017,Br-0,CS22628,6904,6,24,0,1
1018,Spr1-2,CS22582,6964,6,22,0,2
1019,Or-1,CS77150,6074,6,37,0,2
1020,Vastervik,CS78834,9058,6,25,0,1
1021,Lis-2,CS77043,8222,6,35,0,4
1022,Algutsrum,CS76657,8230,6,19,0,2
1023,Tsu-0,CS6874,7373,6,24,0,1
1024,Ull2-5,CS22586,6974,6,23,0,3
1025,Ka-0,CS1267,8314,6,22,1,1
1026,Santa_Clara,CS8069,7329,6,19,1,1
1027,Spr1-6,CS22583,6965,6,14,0,2
1028,Nd-1,CS22619,6942,6,32,1,1
1029,Lisse,CS6033,8430,6,33,0,3
1030,Ost-0,CS1431,8351,6,29,0,1
1031,En-1,CS76841,8290,6,24,1,1
1032,Got-7,CS22608,6921,6,54,0,2
1033,Kondara,CS22651,6929,6,23,0,1
1034,Pu2-23,CS22593,6951,6,17,0,1
1035,Wu-0,CS6897,7415,6,13,1,1
1036,Ak-1,CS939,6987,6,15,1,2
1037,Lund,CS77060,8335,6,9,0,1
1038,Mr-0,CS22640,7522,6,19,0,1
1039,Pla-0,CS1459,7300,6,29,1,1
1040,Lillo-1,CS77039,8242,6,40,0,1
1041,Var2-6,CS22581,7517,6,16,0,3
1042,Sav-0,CS1515,8412,6,24,1,0
1043,Pna-17,CS22570,7523,6,22,0,1
1044,Fei-0,CS22645,8215,6,21,0,0
1045,Nok-3,CS22643,6945,6,32,0,3
1046,Sorbo,CS22653,6963,6,27,1,0
1047,HSm,CS76941,8236,6,12,0,1
1048,DraII-1,CS76813,8284,6,25,1,0
1049,Lu-1,CS1353,8334,6,26,0,1
1050,Lp2-6,CS22595,7521,6,22,0,3
1051,Gul1-2,CS76896,8234,6,37,0,3
1052,Mir-0,CS1379,8337,6,15,0,1
1053,Zdr-6,CS22589,6985,6,20,0,1
1054,Wei-0,CS22622,6979,6,30,1,1
1055,HR-10,CS22597,6923,6,8,1,1
1056,Gd-1,CS1185,8296,6,25,1,1
1057,Bor-1,CS22590,5837,6,21,0,1
1058,Uod-7,CS22613,6976,6,20,0,1
1059,Gy-0,CS22631,8214,6,24,0,2
1060,Lp2-2,CS22594,7520,6,13,0,1
1061,Lm-2,CS1345,8329,6,32,1,0
1062,NFA-10,CS22599,6943,6,26,1,1
1063,Stw-0,CS1539,8388,6,40,1,1
1064,Bla-1,CS971,7015,6,30,1,1
1065,Lz-0,CS22615,6936,6,35,0,2
1066,Tu-0,CS1567,8395,6,30,0,1
1067,Bg-2,CS22342,6709,6,21,0,0
1068,Bu-0,CS1007,8271,6,24,0,1
1069,Ler-1,CS22618,6932,6,20,1,1
1070,Wil-2,CS6889,7413,6,24,1,2
1071,Kin-0,CS22654,6926,6,3,0,1
1072,Kz-1,CS22606,6930,6,14,1,2
1073,PHW-2,CS6002,8243,6,24,0,1
1074,Vimmerby,CS78845,8249,6,20,0,1
1075,Ts-5,CS22648,6971,6,30,0,0
1076,Ull1-1,CS78816,8426,6,25,1,2
1077,Fab-4,CS22577,6918,6,25,0,1
1078,Lis-1,CS77042,8326,6,32,0,0
1079,Tottarp-2,CS77381,6243,6,25,0,1
1080,Ct-1,CS22639,6910,6,31,1,1
1081,Col-0,CS22625,6909,6,23,0,1
1082,Ren-11,CS22611,6960,6,28,1,0
1083,Pi-0,CS1455,7298,6,31,1,1
1084,Ren-1,CS22610,6959,6,32,1,1
1085,Bur-0,CS22656,5719,6,29,0,1
1086,Wa-1,CS22644,6978,6,25,1,1
1087,Jm-0,CS1259,8313,6,23,1,2
1088,Var2-1,CS22580,7516,6,32,0,2
1089,San-2,CS77233,8247,6,24,0,1
1090,In-0,CS1239,8311,6,32,0,1
1091,Ge-0,CS1187,8297,6,35,0,2
1092,Rd-0,CS1483,8366,6,24,0,1
1093,Pa-1,CS1439,8353,6,34,1,1
1094,Hovdala-2,CS76937,6039,6,21,0,1
1095,Buckhorn_Pass,CS8067,7033,6,27,0,2
1096,PHW-34,CS6034,8244,6,20,0,2
1097,Kas-2,CS6751,8424,6,32,0,2
1098,Ws-0,CS22623,6980,6,23,0,1
1099,Lom1-1,CS77048,6042,6,18,1,1
1100,NFA-8,CS22598,6944,6,30,1,2
1101,Gr-1,CS1199,8300,6,25,1,1
1102,An-1,CS22626,6898,6,31,1,1
1103,Bs-1,CS997,8270,6,25,1,0
1104,Rsch-4,CS1494,8374,6,9,0,2
1105,Wt-5,CS22637,6982,6,25,0,0
1106,Tamm-2,CS22604,6968,6,24,0,2
1107,Sap-0,CS1507,8378,6,32,1,1
1108,Tsu-1,CS22641,6972,6,31,1,1
1109,Dra3-1,CS76811,8283,6,35,0,1
1110,Ba1-2,CS76676,8256,6,23,0,2
1111,Pu2-7,CS22592,6956,6,22,0,2
1112,Ts-1,CS22647,6970,6,36,1,1
1113,Sanna-2,CS77234,8376,6,29,0,3
1114,LL-0,CS22650,6933,6,31,1,2
1115,Fab-2,CS22576,6917,6,23,0,0
1116,Mrk-0,CS22635,6937,6,28,0,2
1117,Kno-10,CS22566,6927,6,19,0,2
1118,NC-6,CS77124,8246,6,29,0,1
1119,Is-0,CS1241,8312,6,20,0,2
1120,Duk,CS76824,6008,6,30,1,1
1121,Gu-0,CS22617,6922,6,38,0,0
1122,Hod,CS76924,8235,6,16,0,1
1123,Rmx-A180,CS22569,7525,6,30,0,3
1124,Est-1,CS22629,6916,6,24,0,0
1125,Uk-3,CS1577,10022,6,23,0,1
1126,Kavlinge-1,CS76964,8237,6,23,0,2
1127,Per-1,CS1445,8354,6,17,0,1
1128,Ms-0,CS22655,6938,6,18,0,1
1129,Ler(gl1-1),CS64,1,6,20,0,1
1130,H55,CS923,7461,6,32,0,1
1131,Yo-0,CS22624,6983,6,30,0,3
1132,Ei-2,CS22616,6915,6,32,0,3
1133,Vinslov,CS78847,9057,6,22,0,1
1134,Ba4-1,CS76677,8258,6,32,0,1
1135,Hs-0,CS1237,8310,6,30,1,1
1136,Li-2:1,CS6772,7223,6,18,0,2
1137,Lc-0,CS1307,8323,6,12,1,1
1138,Kz-13,CS22445,6830,6,23,1,1
1139,Hi-0,CS1227,8304,6,27,1,2
1140,Bil-5,CS22578,6900,6,19,0,2
1141,Uod-1,CS22612,6975,6,23,0,2
1142,Mz-0,CS22636,6940,6,20,0,3
1143,CIBC-17,CS22603,6907,6,10,0,1
1144,Rmx-A02,CS22568,7524,6,31,0,1
1145,Er-0,CS1143,7125,6,25,0,3
1146,Ga-0,CS22634,6919,6,23,0,1
1147,Sq-8,CS22601,6967,6,29,1,1
1148,Cvi-0,CS22614,6911,6,32,1,1
1149,Wil-1,CS1595,8419,6,30,1,1
1150,Ang-0,CS949,6992,6,34,0,2
1151,Ba5-1,CS76678,8259,6,24,0,2
1152,Pro-0,CS22649,8213,6,30,1,1
1153,Dem-4,CS76794,8233,6,29,0,0
1154,Eden-2,CS22573,6913,6,30,0,1
1155,Rev-1,CS77214,8369,6,20,0,1
1156,Sq-1,CS22600,6966,6,24,0,1
1157,RRS-10,CS22565,7515,6,36,0,1
1158,Lov-1,CS77049,6043,6,19,0,0
1159,Rak-2,CS1485,8365,6,29,1,1
1160,No-0,CS6805,7275,6,27,1,2
1161,Can-0,CS1065,8274,6,35,0,2
1162,Ta-0,CS1549,8389,6,34,1,1
1163,Alc-0,CS1656,6988,6,33,0,1
1164,Kz-9,CS22607,6931,6,23,1,1
1165,Rubezhnoe-1,CS927,7323,6,30,1,1
1166,Eds-1,CS76834,6016,6,20,0,1
1167,Kelsterbach-4,CS6041,8420,6,24,1,1
1168,Sr:5,CS77268,8386,6,30,1,1
1169,Lip-0,CS1337,8325,6,44,1,0
1170,St-0,CS1535,8387,6,13,0,1
1171,Col-0,CS22625,6909,6,29,1,1
1172,N13,CS22491,7438,6,24,0,1
1173,Col(gl1-2),CS3126,2,6,25,0,2
1174,Pu2-8,CS22449,6953,6,20,0,1
1175,Edi-0,CS22657,6914,6,26,0,2
1176,Zu-0,CS78880,7417,6,37,0,2
1177,Ra-0,CS22632,6958,6,27,0,3
1178,Koln,CS76976,8239,6,27,0,1
1179,Pna-10,CS22571,7526,6,20,0,3
1180,HR-5,CS22596,6924,6,8,0,0
1181,Liarum,CS77038,8241,6,24,0,4
1182,Nw-0,CS1409,7258,6,16,0,0
1183,Sf-1,CS6855,7327,6,32,1,1
1184,Ag-0,CS22630,6897,6,30,0,1
1185,Na-1,CS1385,8343,6,23,0,1
1186,Se-0,CS22646,6961,6,30,0,2
1187,Van-0,CS22627,6977,6,29,0,0
1188,Lov-5,CS77050,6046,6,13,0,1
1189,Zdr-1,CS22588,6984,6,24,1,0
1190,Co,CS3180,7081,6,30,1,1
1191,DraIII-1,CS76815,8285,6,25,0,3
1192,Eden-1,CS22572,6009,6,26,0,0
1193,Kno-18,CS22567,6928,6,25,0,2
1194,Shahdara,CS22652,6962,6,10,1,0
1195,Fr-2,CS1169,7133,6,29,1,1
1196,Cen-0,CS1067,8275,6,32,0,1
1197,Zu-1,CS78881,7418,6,31,1,1
1198,Bay-0,CS22633,6899,6,26,1,1
1199,C24,CS22620,6906,6,23,1,1
1200,Kni-1,CS76970,6040,6,3,0,0
1201,Rubezhnoe-1,CS927,7323,7,32,1,1
1202,NC-6,CS77124,8246,7,35,0,2
1203,Ta-0,CS1549,8389,7,29,0,3
1204,Pi-0,CS1455,7298,7,32,0,1
1205,Ba5-1,CS76678,8259,7,21,0,2
1206,Kavlinge-1,CS76964,8237,7,24,0,1
1207,Rak-2,CS1485,8365,7,23,1,0
1208,Koln,CS76976,8239,7,30,0,1
1209,Fab-2,CS22576,6917,7,27,0,0
1210,Shahdara,CS22652,6962,7,24,1,2
1211,Hovdala-2,CS76937,6039,7,22,0,1
1212,Lund,CS77060,8335,7,15,0,3
1213,RRS-7,CS22564,7514,7,31,0,1
1214,Wa-1,CS22644,6978,7,17,0,1
1215,Rd-0,CS1483,8366,7,28,0,3
1216,Spr1-6,CS22583,6965,7,38,0,2
1217,C24,CS22620,6906,7,23,1,1
1218,Ms-0,CS22655,6938,7,34,0,2
1219,DraII-1,CS76813,8284,7,37,0,1
1220,Mt-0,CS22642,6939,7,33,1,1
1221,Wil-2,CS6889,7413,7,27,1,2
1222,Gu-0,CS22617,6922,7,34,0,3
1223,Kno-18,CS22567,6928,7,19,0,0
1224,Na-1,CS1385,8343,7,39,1,2
1225,Kni-1,CS76970,6040,7,10,0,2
1226,Wil-1,CS1595,8419,7,27,1,1
1227,RRS-10,CS22565,7515,7,31,0,0
1228,Santa_Clara,CS8069,7329,7,25,0,3
1229,DraIII-1,CS76815,8285,7,33,0,1
1230,Kondara,CS22651,6929,7,26,0,1
1231,Kelsterbach-4,CS6041,8420,7,21,0,3
1232,Ang-0,CS949,6992,7,36,1,2
1233,Bs-1,CS997,8270,7,30,1,2
1234,Hs-0,CS1237,8310,7,27,1,1
1235,Col-0,CS22625,6909,7,25,1,1
1236,Lis-1,CS77042,8326,7,32,0,3
1237,Dra3-1,CS76811,8283,7,35,0,2
1238,Lu-1,CS1353,8334,7,30,0,2
1239,Mz-0,CS22636,6940,7,31,0,1
1240,Bil-7,CS22579,6901,7,19,0,1
1241,PHW-2,CS6002,8243,7,25,0,4
1242,Ler(gl1-1),CS64,1,7,18,0,2
1243,Eds-1,CS76834,6016,7,34,0,1
1244,Pu2-7,CS22592,6956,7,21,0,2
1245,Lov-5,CS77050,6046,7,20,0,4
1246,Lom1-1,CS77048,6042,7,33,1,1
1247,Petergof,CS926,7296,7,31,0,0
1248,Br-0,CS22628,6904,7,27,0,2
1249,Fei-0,CS22645,8215,7,24,1,1
1250,Vinslov,CS78847,9057,7,24,0,4
1251,Ts-1,CS22647,6970,7,24,1,1
1252,Tsu-0,CS6874,7373,7,18,0,3
1253,Pro-0,CS22649,8213,7,25,1,1
1254,Ag-0,CS22630,6897,7,31,0,1
1255,HR-5,CS22596,6924,7,21,0,2
1256,Nd-1,CS22619,6942,7,43,1,2
1257,Col-0,CS22625,6909,7,32,0,3
1258,Ws-0,CS22623,6980,7,26,0,4
1259,Bil-5,CS22578,6900,7,20,0,2
1260,Kin-0,CS22654,6926,7,30,0,2
1261,San-2,CS77233,8247,7,23,0,3
1262,Kent,CS76967,8238,7,24,0,2
1263,Rev-1,CS77214,8369,7,28,0,0
1264,Fab-4,CS22577,6918,7,25,0,2
1265,Ler-1,CS22618,6932,7,17,0,1
1266,Dem-4,CS76794,8233,7,47,0,2
1267,Vimmerby,CS78845,8249,7,25,0,0
1268,Edi-0,CS22657,6914,7,34,0,4
1269,Zdr-1,CS22588,6984,7,23,1,1
1270,Kno-10,CS22566,6927,7,26,0,1
1271,Hov4-1,CS76936,8306,7,18,0,4
1272,Sq-8,CS22601,6967,7,25,1,1
1273,Lip-0,CS1337,8325,7,34,1,2
1274,Ws-2,CS22659,6981,7,23,1,1
1275,Uod-1,CS22612,6975,7,27,0,2
1276,Se-0,CS22646,6961,7,34,0,3
1277,Ra-0,CS22632,6958,7,31,1,2
1278,Ost-0,CS1431,8351,7,35,0,1
1279,Cen-0,CS1067,8275,7,30,0,2
1280,Nok-3,CS22643,6945,7,37,0,2
1281,Lz-0,CS22615,6936,7,30,0,1
1282,Yo-0,CS22624,6983,7,31,0,2
1283,Got-22,CS22609,6920,7,35,0,2
1284,Ren-11,CS22611,6960,7,33,1,1
1285,Rmx-A02,CS22568,7524,7,34,0,1
1286,Cvi-0,CS22614,6911,7,38,1,2
1287,HSm,CS76941,8236,7,23,0,1
1288,Ei-2,CS22616,6915,7,21,0,2
1289,Tottarp-2,CS77381,6243,7,24,1,2
1290,NFA-10,CS22599,6943,7,41,1,1
1291,Or-1,CS77150,6074,7,37,0,1
1292,Ba1-2,CS76676,8256,7,30,0,1
1293,Bu-0,CS1007,8271,7,17,0,1
1294,LL-0,CS22650,6933,7,34,0,1
1295,Ka-0,CS1267,8314,7,18,1,1
1296,Ct-1,CS22639,6910,7,26,1,2
1297,Ren-1,CS22610,6959,7,27,0,1
1298,Mir-0,CS1379,8337,7,15,0,2
1299,Sorbo,CS22653,6963,7,40,1,2
1300,Ull1-1,CS78816,8426,7,31,1,1
1301,Pu2-8,CS22449,6953,7,27,0,1
1302,No-0,CS6805,7275,7,34,0,2
1303,Buckhorn_Pass,CS8067,7033,7,25,0,2
1304,Sav-0,CS1515,8412,7,31,1,1
1305,Oy-0,CS22658,6946,7,32,0,0
1306,Hod,CS76924,8235,7,21,0,2
1307,Kas-2,CS6751,8424,7,47,0,2
1308,PHW-34,CS6034,8244,7,22,0,1
1309,Pna-10,CS22571,7526,7,31,0,1
1310,Alc-0,CS1656,6988,7,41,0,3
1311,Seattle-0,CS6187,8245,7,22,0,1
1312,Gy-0,CS22631,8214,7,34,0,1
1313,Tu-0,CS1567,8395,7,35,0,0
1314,Ove-0,CS1435,7287,7,28,1,2
1315,Bay-0,CS22633,6899,7,18,0,1
1316,Tamm-2,CS22604,6968,7,30,0,2
1317,Can-0,CS1065,8274,7,31,0,2
1318,Rsch-4,CS1494,8374,7,30,1,1
1319,Got-7,CS22608,6921,7,43,0,2
1320,Lm-2,CS1345,8329,7,35,0,2
1321,Gd-1,CS1185,8296,7,34,1,1
1322,Tsu-1,CS22641,6972,7,30,1,1
1323,Kz-1,CS22606,6930,7,28,1,1
1324,Mrk-0,CS22635,6937,7,30,0,1
1325,Ull2-5,CS22586,6974,7,25,0,3
1326,Kn-0,CS6762,7186,7,29,1,1
1327,Bor-1,CS22590,5837,7,27,0,1
1328,HR-10,CS22597,6923,7,20,1,1
1329,Mr-0,CS22640,7522,7,20,0,2
1330,Hi-0,CS1227,8304,7,25,0,1
1331,Sanna-2,CS77234,8376,7,25,0,1
1332,Ts-5,CS22648,6971,7,32,0,2
1333,Zu-0,CS78880,7417,7,27,0,1
1334,Bla-1,CS971,7015,7,28,1,1
1335,Liarum,CS77038,8241,7,21,0,3
1336,Jm-0,CS1259,8313,7,23,1,2
1337,St-0,CS1535,8387,7,45,1,1
1338,In-0,CS1239,8311,7,39,1,1
1339,Bro1-6,CS76726,8231,7,30,0,2
1340,Sap-0,CS1507,8378,7,30,1,2
1341,Algutsrum,CS76657,8230,7,30,0,3
1342,CIBC-17,CS22603,6907,7,22,0,1
1343,Li-2:1,CS6772,7223,7,20,0,1
1344,Wu-0,CS6897,7415,7,19,0,1
1345,Fr-2,CS1169,7133,7,34,1,1
1346,Kz-9,CS22607,6931,7,29,1,1
1347,Lc-0,CS1307,8323,7,28,1,1
1348,Er-0,CS1143,7125,7,24,0,1
1349,Gr-1,CS1199,8300,7,29,0,2
1350,Zu-1,CS78881,7418,7,30,1,0
1351,Is-0,CS1241,8312,7,34,0,1
1352,Pna-17,CS22570,7523,7,20,0,2
1353,Wt-5,CS22637,6982,7,29,0,2
1354,Pa-1,CS1439,8353,7,39,1,2
1355,Bor-4,CS22591,6903,7,25,0,1
1356,Nw-0,CS1409,7258,7,39,0,2
1357,Ba4-1,CS76677,8258,7,29,0,2
1358,Eden-1,CS22572,6009,7,34,0,2
1359,Lis-2,CS77043,8222,7,33,0,3
1360,H55,CS923,7461,7,32,0,2
1361,Col(gl1-2),CS3126,2,7,29,0,2
1362,Ge-0,CS1187,8297,7,35,0,1
1363,Sr:5,CS77268,8386,7,28,0,1
1364,Est-1,CS22629,6916,7,24,0,1
1365,Lisse,CS6033,8430,7,29,0,2
1366,Ak-1,CS939,6987,7,33,1,1
1367,Lp2-6,CS22595,7521,7,31,0,0
1368,Tamm-27,CS22605,6969,7,26,0,2
1369,Sq-1,CS22600,6966,7,33,1,0
1370,Rmx-A180,CS22569,7525,7,34,0,1
1371,Zdr-6,CS22589,6985,7,25,1,1
1372,N13,CS22491,7438,7,31,1,1
1373,Kz-13,CS22445,6830,7,25,0,1
1374,Ga-0,CS22634,6919,7,19,0,0
1375,Van-0,CS22627,6977,7,25,0,1
1376,Wei-0,CS22622,6979,7,35,1,2
1377,Var2-1,CS22580,7516,7,30,0,3
1378,Sf-1,CS6855,7327,7,29,1,1
1379,Per-1,CS1445,8354,7,24,1,1
1380,Pu2-23,CS22593,6951,7,28,0,2
1381,Uk-3,CS1577,10022,7,23,0,4
1382,Bg-2,CS22342,6709,7,26,0,1
1383,Var2-6,CS22581,7517,7,31,0,4
1384,Lov-1,CS77049,6043,7,21,0,2
1385,Pla-0,CS1459,7300,7,27,0,3
1386,Lillo-1,CS77039,8242,7,50,0,2
1387,Vastervik,CS78834,9058,7,23,0,0
1388,Spr1-2,CS22582,6964,7,34,0,1
1389,Eden-2,CS22573,6913,7,23,0,3
1390,Bur-0,CS22656,5719,7,25,0,3
1391,En-1,CS76841,8290,7,22,1,0
1392,Lp2-2,CS22594,7520,7,25,1,0
1393,NFA-8,CS22598,6944,7,31,1,2
1394,Uod-7,CS22613,6976,7,30,0,1
1395,Co,CS3180,7081,7,31,1,2
1396,Duk,CS76824,6008,7,39,1,1
1397,An-1,CS22626,6898,7,29,1,1
1398,Gul1-2,CS76896,8234,7,39,0,2
1399,Kyoto,CS76535,7207,7,29,0,1
1400,Stw-0,CS1539,8388,7,43,0,1
1401,Ta-0,CS1549,8389,8,22,0,4
1402,Ts-5,CS22648,6971,8,34,0,4
1403,Ler-1,CS22618,6932,8,22,0,1
1404,Lov-5,CS77050,6046,8,19,0,2
1405,Sap-0,CS1507,8378,8,27,0,4
1406,No-0,CS6805,7275,8,22,0,4
1407,Wt-5,CS22637,6982,8,31,0,2
1408,Co,CS3180,7081,8,29,1,1
1409,Kno-18,CS22567,6928,8,30,0,2
1410,Sr:5,CS77268,8386,8,32,1,1
1411,Ren-11,CS22611,6960,8,27,1,1
1412,Ost-0,CS1431,8351,8,38,0,4
1413,Pu2-23,CS22593,6951,8,32,0,3
1414,Bur-0,CS22656,5719,8,23,0,1
1415,Pu2-7,CS22592,6956,8,22,0,0
1416,Col-0,CS22625,6909,8,25,0,1
1417,Lis-1,CS77042,8326,8,42,0,3
1418,Kelsterbach-4,CS6041,8420,8,12,0,1
1419,Edi-0,CS22657,6914,8,27,0,3
1420,Kas-2,CS6751,8424,8,35,0,2
1421,Lillo-1,CS77039,8242,8,51,0,1
1422,Wil-2,CS6889,7413,8,22,0,3
1423,Bay-0,CS22633,6899,8,24,0,1
1424,Got-7,CS22608,6921,8,40,0,4
1425,Gy-0,CS22631,8214,8,34,0,0
1426,Var2-6,CS22581,7517,8,41,0,4
1427,Gul1-2,CS76896,8234,8,43,0,2
1428,Gr-1,CS1199,8300,8,38,0,2
1429,Tottarp-2,CS77381,6243,8,24,0,4
1430,Ms-0,CS22655,6938,8,45,0,2
1431,Mt-0,CS22642,6939,8,37,0,4
1432,Uk-3,CS1577,10022,8,18,0,1
1433,Ct-1,CS22639,6910,8,35,1,4
1434,Bs-1,CS997,8270,8,34,1,2
1435,Or-1,CS77150,6074,8,41,0,0
1436,Sav-0,CS1515,8412,8,24,1,1
1437,Sorbo,CS22653,6963,8,40,1,2
1438,Duk,CS76824,6008,8,34,1,3
1439,Zdr-6,CS22589,6985,8,28,1,2
1440,Lp2-2,CS22594,7520,8,30,0,1
1441,Tsu-0,CS6874,7373,8,26,1,1
1442,Kin-0,CS22654,6926,8,29,0,1
1443,Bu-0,CS1007,8271,8,17,0,2
1444,LL-0,CS22650,6933,8,15,0,2
1445,Kent,CS76967,8238,8,34,0,1
1446,Jm-0,CS1259,8313,8,21,1,2
1447,Fab-4,CS22577,6918,8,30,0,1
1448,Lu-1,CS1353,8334,8,37,0,1
1449,Sanna-2,CS77234,8376,8,32,0,2
1450,DraIII-1,CS76815,8285,8,35,1,1
1451,Hovdala-2,CS76937,6039,8,24,0,4
1452,Santa_Clara,CS8069,7329,8,25,0,0
1453,Got-22,CS22609,6920,8,41,0,3
1454,Cvi-0,CS22614,6911,8,34,1,1
1455,Eds-1,CS76834,6016,8,41,0,3
1456,Gd-1,CS1185,8296,8,30,1,1
1457,PHW-34,CS6034,8244,8,17,0,2
1458,Mrk-0,CS22635,6937,8,25,0,0
1459,Nok-3,CS22643,6945,8,38,0,3
1460,Per-1,CS1445,8354,8,30,0,2
1461,Bor-1,CS22590,5837,8,31,0,3
1462,Ler(gl1-1),CS64,1,8,28,0,1
1463,Bla-1,CS971,7015,8,25,1,1
1464,Tamm-2,CS22604,6968,8,24,0,1
1465,Kno-10,CS22566,6927,8,24,0,2
1466,Sq-8,CS22601,6967,8,31,1,1
1467,Var2-1,CS22580,7516,8,33,0,1
1468,Shahdara,CS22652,6962,8,26,1,1
1469,San-2,CS77233,8247,8,23,0,2
1470,Ts-1,CS22647,6970,8,35,1,2
1471,RRS-10,CS22565,7515,8,30,0,2
1472,Hs-0,CS1237,8310,8,24,1,1
1473,Pa-1,CS1439,8353,8,25,1,2
1474,Van-0,CS22627,6977,8,29,0,0
1475,Ba4-1,CS76677,8258,8,40,0,1
1476,Ak-1,CS939,6987,8,24,1,1
1477,Buckhorn_Pass,CS8067,7033,8,27,0,1
1478,Bil-7,CS22579,6901,8,14,0,1
1479,Wil-1,CS1595,8419,8,23,0,1
1480,Ba5-1,CS76678,8259,8,25,0,2
1481,Rmx-A180,CS22569,7525,8,29,0,1
1482,DraII-1,CS76813,8284,8,27,0,1
1483,Uod-1,CS22612,6975,8,28,0,3
1484,Lov-1,CS77049,6043,8,20,0,2
1485,Kz-13,CS22445,6830,8,30,1,1
1486,Spr1-2,CS22582,6964,8,32,0,2
1487,An-1,CS22626,6898,8,28,1,1
1488,PHW-2,CS6002,8243,8,23,0,1
1489,Ull1-1,CS78816,8426,8,26,1,1
1490,Lisse,CS6033,8430,8,33,0,4
1491,Pi-0,CS1455,7298,8,29,0,1
1492,Hod,CS76924,8235,8,18,0,2
1493,Yo-0,CS22624,6983,8,31,0,2
1494,H55,CS923,7461,8,33,1,1
1495,Lp2-6,CS22595,7521,8,25,0,3
1496,Vastervik,CS78834,9058,8,31,0,1
1497,Pla-0,CS1459,7300,8,29,1,3
1498,In-0,CS1239,8311,8,32,1,1
1499,Lis-2,CS77043,8222,8,40,0,3
1500,Zdr-1,CS22588,6984,8,25,1,0
1501,Dem-4,CS76794,8233,8,44,0,2
1502,Tsu-1,CS22641,6972,8,28,0,2
1503,Dra3-1,CS76811,8283,8,40,0,1
1504,Uod-7,CS22613,6976,8,29,0,3
1505,N13,CS22491,7438,8,36,0,2
1506,Kyoto,CS76535,7207,8,24,0,2
1507,Hov4-1,CS76936,8306,8,17,0,1
1508,Kz-1,CS22606,6930,8,28,1,0
1509,C24,CS22620,6906,8,24,1,1
1510,Liarum,CS77038,8241,8,19,0,3
1511,Fab-2,CS22576,6917,8,30,0,1
1512,NFA-8,CS22598,6944,8,37,1,1
1513,Ws-2,CS22659,6981,8,27,1,2
1514,Bg-2,CS22342,6709,8,24,0,1
1515,Ka-0,CS1267,8314,8,23,1,1
1516,Seattle-0,CS6187,8245,8,24,1,1
1517,Bro1-6,CS76726,8231,8,28,0,1
1518,Ge-0,CS1187,8297,8,27,0,2
1519,HSm,CS76941,8236,8,20,0,2
1520,Eden-1,CS22572,6009,8,34,0,4
1521,Ws-0,CS22623,6980,8,23,1,4
1522,Er-0,CS1143,7125,8,27,0,0
1523,Ull2-5,CS22586,6974,8,28,0,1
1524,Eden-2,CS22573,6913,8,32,0,1
1525,Col-0,CS22625,6909,8,23,0,2
1526,Algutsrum,CS76657,8230,8,32,0,1
1527,CIBC-17,CS22603,6907,8,22,0,0
1528,Alc-0,CS1656,6988,8,34,0,1
1529,Zu-0,CS78880,7417,8,40,0,2
1530,Mir-0,CS1379,8337,8,18,0,3
1531,Lm-2,CS1345,8329,8,34,1,3
1532,Koln,CS76976,8239,8,28,0,3
1533,Gu-0,CS22617,6922,8,35,1,1
1534,Ag-0,CS22630,6897,8,24,0,1
1535,HR-10,CS22597,6923,8,16,1,2
1536,RRS-7,CS22564,7514,8,33,0,1
1537,Vinslov,CS78847,9057,8,28,0,2
1538,Tamm-27,CS22605,6969,8,22,0,2
1539,Mz-0,CS22636,6940,8,28,0,1
1540,Wa-1,CS22644,6978,8,27,1,2
1541,Sq-1,CS22600,6966,8,39,1,1
1542,Fr-2,CS1169,7133,8,28,1,0
1543,Rmx-A02,CS22568,7524,8,32,0,2
1544,En-1,CS76841,8290,8,31,1,1
1545,Ang-0,CS949,6992,8,33,0,2
1546,Pna-17,CS22570,7523,8,24,0,1
1547,Br-0,CS22628,6904,8,24,0,2
1548,Bor-4,CS22591,6903,8,25,0,1
1549,Bil-5,CS22578,6900,8,19,0,0
1550,Lom1-1,CS77048,6042,8,33,0,2
1551,Cen-0,CS1067,8275,8,34,0,0
1552,Hi-0,CS1227,8304,8,27,1,1
1553,Zu-1,CS78881,7418,8,30,1,1
1554,Pna-10,CS22571,7526,8,34,1,1
1555,Li-2:1,CS6772,7223,8,22,0,1
1556,Mr-0,CS22640,7522,8,25,0,1
1557,Can-0,CS1065,8274,8,33,0,2
1558,Na-1,CS1385,8343,8,33,1,1
1559,Kz-9,CS22607,6931,8,26,1,1
1560,Sf-1,CS6855,7327,8,32,1,4
1561,Rsch-4,CS1494,8374,8,29,0,1
1562,Rubezhnoe-1,CS927,7323,8,28,1,1
1563,Lc-0,CS1307,8323,8,29,0,2
1564,Rd-0,CS1483,8366,8,27,0,3
1565,NFA-10,CS22599,6943,8,39,1,2
1566,Est-1,CS22629,6916,8,24,0,1
1567,Ei-2,CS22616,6915,8,20,0,1
1568,Stw-0,CS1539,8388,8,34,0,1
1569,Kn-0,CS6762,7186,8,27,1,1
1570,Oy-0,CS22658,6946,8,29,0,2
1571,Kavlinge-1,CS76964,8237,8,27,0,2
1572,Ren-1,CS22610,6959,8,25,0,2
1573,Se-0,CS22646,6961,8,30,0,3
1574,Lz-0,CS22615,6936,8,34,0,1
1575,Ba1-2,CS76676,8256,8,28,0,2
1576,Ga-0,CS22634,6919,8,21,0,2
1577,Pu2-8,CS22449,6953,8,29,0,3
1578,Spr1-6,CS22583,6965,8,34,0,2
1579,Kni-1,CS76970,6040,8,12,0,3
1580,Pro-0,CS22649,8213,8,30,1,1
1581,Rak-2,CS1485,8365,8,21,1,1
1582,Tu-0,CS1567,8395,8,34,0,1
1583,Vimmerby,CS78845,8249,8,24,0,1
1584,Is-0,CS1241,8312,8,33,0,1
1585,Rev-1,CS77214,8369,8,25,0,2
1586,Nd-1,CS22619,6942,8,40,1,1
1587,Petergof,CS926,7296,8,30,0,2
1588,Wu-0,CS6897,7415,8,22,1,1
1589,Kondara,CS22651,6929,8,33,1,1
1590,St-0,CS1535,8387,8,34,0,2
1591,Ove-0,CS1435,7287,8,31,1,1
1592,Fei-0,CS22645,8215,8,27,0,3
1593,Lip-0,CS1337,8325,8,40,1,2
1594,Ra-0,CS22632,6958,8,34,0,3
1595,NC-6,CS77124,8246,8,42,0,3
1596,HR-5,CS22596,6924,8,22,0,1
1597,Wei-0,CS22622,6979,8,30,1,0
1598,Col(gl1-2),CS3126,2,8,29,0,3
1599,Nw-0,CS1409,7258,8,46,1,2
1600,Lund,CS77060,8335,8,17,0,1
